{
    "todos": [
      { "id": 1, "title": "Learn AngularJS", "done": false },
      { "id": 2, "title": "Run tutorial app", "done": true },
      { "id": 3, "title": "Display todos", "done": false },
      { "id": 4, "title": "Filter todos", "done": false },
      { "id": 5, "title": "Mark todo as completed", "done": false },
      { "id": 6, "title": "Filter completed/uncompleted", "done": false },
      { "id": 7, "title": "View Comments", "done": false },
      { "id": 8, "title": "View Summary Page", "done": false },
      { "id": 9, "title": "Add Todo", "done": false },
      { "id": 10, "title": "Add Comment", "done": false } 
    ],
    "comments": [
      { "id": 1, "body": "Are you enjoying this tutorial?", "todoId": 1 },
      { "id": 2, "body": "Of course I am!", "todoId": 1 }
    ],
    "profile": { "name": "Learner" },
    "users": [
      { "id" : 1, "name": "Learner 1", "email": "email@email.com"},
      { "id" : 2, "name": "Learner 2", "email": "email@email.com"},
      { "id" : 3, "name": "Learner 3", "email": "email@email.com"}
    ]
  }